job_id,title,company,location,modality,application_type,short_link,submitted
3972312896,Analista Programador Java EE,knowmad mood,"Comunidad de Madrid, España·Publicado de nuevohace 1 mes·Más de 100 solicitudesPromocionado por técnico de selección·Evaluando solicitudes de forma activa",HíbridoCoincide con tus preferencias de empleo. La modalidad laboral es Híbrido.,simple,https://www.linkedin.com/jobs/view/3972312896, YES
4121086378,Ingeniero de software - Java,Bertrandt Group,"Getafe, Comunidad de Madrid, España·Publicado de nuevohace 1 mes·Más de 100 solicitudesPromocionado por técnico de selección·Evaluando solicitudes de forma activa",HíbridoCoincide con tus preferencias de empleo. La modalidad laboral es Híbrido.,simple,https://www.linkedin.com/jobs/view/4121086378, YES
4202843949,Desarrollador/a de .NET,Nunegal Consulting,"La Coruña, Galicia / Galiza, España·Publicado de nuevohace 1 hora·Más de 100 solicitudesPromocionado por técnico de selección·Evaluando solicitudes de forma activa",PresencialCoincide con tus preferencias de empleo. La modalidad laboral es Presencial.,simple,https://www.linkedin.com/jobs/view/4202843949, YES
4207937103,Desarrolladores Java,Softtek,"Madrid, Comunidad de Madrid, España·hace 4 semanas·Más de 100 solicitudesPromocionado por técnico de selección·Evaluando solicitudes de forma activa",HíbridoCoincide con tus preferencias de empleo. La modalidad laboral es Híbrido.,simple,https://www.linkedin.com/jobs/view/4207937103, YES
4216382117,Fullstack Developer  (Node.js),AMURA IT,"Madrid, Comunidad de Madrid, España·hace 2 semanas·Más de 100 solicitudesPromocionado por técnico de selección·Evaluando solicitudes de forma activa",HíbridoCoincide con tus preferencias de empleo. La modalidad laboral es Híbrido.,simple,https://www.linkedin.com/jobs/view/4216382117, YES
4099730217,Desarrollador full stack,Grupo aFinance,"Barcelona, Cataluña, España·Publicado de nuevohace 6 días·Más de 100 solicitudesPromocionado por técnico de selección·Evaluando solicitudes de forma activa",HíbridoCoincide con tus preferencias de empleo. La modalidad laboral es Híbrido.,simple,https://www.linkedin.com/jobs/view/4099730217, YES
4214738135,Java developer with devops,SCUBE,"Madrid, Comunidad de Madrid, España·hace 2 semanas·33 solicitudesEvaluando solicitudes de forma activa",HíbridoCoincide con tus preferencias de empleo. La modalidad laboral es Híbrido.,simple,https://www.linkedin.com/jobs/view/4214738135, YES
4206502987,Full Stack Software Engineer (Freelance),VISEO IBERIA,"Madrid, Comunidad de Madrid, España·Publicado de nuevohace 1 semana·Más de 100 solicitudesPromocionado por técnico de selección·Evaluando solicitudes de forma activa",En remotoCoincide con tus preferencias de empleo. La modalidad laboral es En remoto.,simple,https://www.linkedin.com/jobs/view/4206502987, NO
4200688674,Software Engineer Java,NTT DATA Europe & Latam,"Madrid, Comunidad de Madrid, España·Publicado de nuevohace 6 días·61 solicitudesPromocionado por técnico de selección·Evaluando solicitudes de forma activa",HíbridoCoincide con tus preferencias de empleo. La modalidad laboral es Híbrido.,simple,https://www.linkedin.com/jobs/view/4200688674, YES
4214025349,FullStack Developers - 100% Remoto,BCNC GROUP,España·hace 2 semanas·Más de 100 solicitudesPromocionado por técnico de selección·Evaluando solicitudes de forma activa,En remotoCoincide con tus preferencias de empleo. La modalidad laboral es En remoto.,simple,https://www.linkedin.com/jobs/view/4214025349, YES
4197924238,Analista Programador/a Senior Inteligencia Artificial,Ayesa,"Madrid, Comunidad de Madrid, España·Publicado de nuevohace 1 semana·36 solicitudesPromocionado por técnico de selección·Evaluando solicitudes de forma activa",HíbridoCoincide con tus preferencias de empleo. La modalidad laboral es Híbrido.,simple,https://www.linkedin.com/jobs/view/4197924238, YES
4218291155,Developer Python/AWS,Plexus Tech,Madrid y alrededores·hace 1 semana·Más de 100 solicitudesPromocionado por técnico de selección·Evaluando solicitudes de forma activa,En remotoCoincide con tus preferencias de empleo. La modalidad laboral es En remoto.,simple,https://www.linkedin.com/jobs/view/4218291155, YES
4205933299,Java Software Engineering - 100% REMOTO,UST España & Latam,España·Publicado de nuevohace 5 días·Más de 100 solicitudesPromocionado por técnico de selección·Evaluando solicitudes de forma activa,En remotoCoincide con tus preferencias de empleo. La modalidad laboral es En remoto.,simple,https://www.linkedin.com/jobs/view/4205933299, YES
4221509331,Data Engineer Junior,Capitole,"Comunidad de Madrid, España·hace 6 días·Más de 100 solicitudesPromocionado por técnico de selección·Evaluando solicitudes de forma activa",HíbridoCoincide con tus preferencias de empleo. La modalidad laboral es Híbrido.,simple,https://www.linkedin.com/jobs/view/4221509331, YES
4156198571,Backend Developer,idealista,España·Publicado de nuevohace 3 semanas·Más de 100 solicitudesPromocionado por técnico de selección·Evaluando solicitudes de forma activa,En remotoCoincide con tus preferencias de empleo. La modalidad laboral es En remoto.,simple,https://www.linkedin.com/jobs/view/4156198571, YES
4191422383,Desarrollador/a Software Java - Proyecto NTA Irlanda,Indra,"San Fernando de Henares, Comunidad de Madrid, España·Publicado de nuevohace 2 semanas·Más de 100 solicitudesPromocionado por técnico de selección·Evaluando solicitudes de forma activa",HíbridoCoincide con tus preferencias de empleo. La modalidad laboral es Híbrido.,simple,https://www.linkedin.com/jobs/view/4191422383, YES
4222330490,Desarrollador,Axpe Consulting,"Barcelona, Cataluña, España·hace 6 días·22 solicitudesPromocionado por técnico de selección·Evaluando solicitudes de forma activa",PresencialCoincide con tus preferencias de empleo. La modalidad laboral es Presencial.,simple,https://www.linkedin.com/jobs/view/4222330490, YES
4113603207,Senior Software Engineer (Python),Booksy,España·Publicado de nuevohace 2 días·Más de 100 solicitudesPromocionado por técnico de selección·Evaluando solicitudes de forma activa,En remotoCoincide con tus preferencias de empleo. La modalidad laboral es En remoto.,simple,https://www.linkedin.com/jobs/view/4113603207, YES
4206002706,DESARROLLADOR PYTHON,knowmad mood,España·Publicado de nuevohace 4 días·Más de 100 solicitudesPromocionado por técnico de selección·Evaluando solicitudes de forma activa,En remotoCoincide con tus preferencias de empleo. La modalidad laboral es En remoto.,simple,https://www.linkedin.com/jobs/view/4206002706, YES
4211329161,Desarrollador/a .NET fullstack con inglés,Inetum,"Madrid, Comunidad de Madrid, España·hace 2 semanas·50 solicitudesPromocionado por técnico de selección·Evaluando solicitudes de forma activa",HíbridoCoincide con tus preferencias de empleo. La modalidad laboral es Híbrido.,simple,https://www.linkedin.com/jobs/view/4211329161, YES
4197896052,Programador full stack,Equito App,"Barcelona, Cataluña, España·hace 1 mes·Más de 100 solicitudesPromocionado por técnico de selección·Evaluando solicitudes de forma activa",PresencialCoincide con tus preferencias de empleo. La modalidad laboral es Presencial.,simple,https://www.linkedin.com/jobs/view/4197896052, YES
4158677585,Programador web,Apiux Tech,"Madrid, Comunidad de Madrid, España·Publicado de nuevohace 3 semanas·Más de 100 solicitudesPromocionado por técnico de selección·Evaluando solicitudes de forma activa",HíbridoCoincide con tus preferencias de empleo. La modalidad laboral es Híbrido.,simple,https://www.linkedin.com/jobs/view/4158677585, YES
4204877455,Back End Developer,TransPerfect,"Madrid, Comunidad de Madrid, España·Publicado de nuevohace 5 días·46 solicitudesPromocionado por técnico de selección·Evaluando solicitudes de forma activa",PresencialCoincide con tus preferencias de empleo. La modalidad laboral es Presencial.,simple,https://www.linkedin.com/jobs/view/4204877455, NO
4211340221,.NET Developer,Hays,"Madrid, Comunidad de Madrid, España·hace 2 semanas·75 solicitudesPromocionado por técnico de selección·Evaluando solicitudes de forma activa",HíbridoCoincide con tus preferencias de empleo. La modalidad laboral es Híbrido.,simple,https://www.linkedin.com/jobs/view/4211340221, YES
4212067305,Java Developer Senior- Madrid (Híbrido),Oxigent Technologies,Madrid y alrededores·hace 2 semanas·17 solicitudesPromocionado por técnico de selección·Evaluando solicitudes de forma activa,HíbridoCoincide con tus preferencias de empleo. La modalidad laboral es Híbrido.,simple,https://www.linkedin.com/jobs/view/4212067305, YES
4212016601,Senior Back End Developer - Java,principal33 España,España·hace 2 semanas·Más de 100 solicitudesPromocionado por técnico de selección·Evaluando solicitudes de forma activa,En remotoCoincide con tus preferencias de empleo. La modalidad laboral es En remoto.,simple,https://www.linkedin.com/jobs/view/4212016601, YES
4211702049,Back End Developer,Talent-R,"Cataluña, España·hace 3 semanas·63 solicitudesPromocionado por técnico de selección·Evaluando solicitudes de forma activa",PresencialCoincide con tus preferencias de empleo. La modalidad laboral es Presencial.,simple,https://www.linkedin.com/jobs/view/4211702049, YES
4210659245,Ingeniero de datos,excelia,España·hace 3 semanas·Más de 100 solicitudesPromocionado por técnico de selección·Evaluando solicitudes de forma activa,En remotoCoincide con tus preferencias de empleo. La modalidad laboral es En remoto.,simple,https://www.linkedin.com/jobs/view/4210659245, YES
4208656879,Java Developer Junior (engineer degree),MA (Montreal Associates),"Madrid, Comunidad de Madrid, España·hace 3 semanas·Más de 100 solicitudesPromocionado por técnico de selección·Evaluando solicitudes de forma activa",HíbridoCoincide con tus preferencias de empleo. La modalidad laboral es Híbrido.,simple,https://www.linkedin.com/jobs/view/4208656879, YES
4198241589,Desarrollador/a Java Senior,Softtek,"Madrid, Comunidad de Madrid, España·Publicado de nuevohace 1 semana·62 solicitudesPromocionado por técnico de selección·Evaluando solicitudes de forma activa",HíbridoCoincide con tus preferencias de empleo. La modalidad laboral es Híbrido.,simple,https://www.linkedin.com/jobs/view/4198241589, YES
4214969858,Senior Java Software Engineer,Ampstek,"Madrid, Comunidad de Madrid, España·hace 2 semanas·14 solicitudesPromocionado por técnico de selección·Evaluando solicitudes de forma activa",HíbridoCoincide con tus preferencias de empleo. La modalidad laboral es Híbrido.,simple,https://www.linkedin.com/jobs/view/4214969858, YES
4193214134,Java Cloud Engineer,Coforge,"Madrid, Comunidad de Madrid, España·Publicado de nuevohace 2 semanas·57 solicitudesPromocionado por técnico de selección·Evaluando solicitudes de forma activa",HíbridoCoincide con tus preferencias de empleo. La modalidad laboral es Híbrido.,simple,https://www.linkedin.com/jobs/view/4193214134, YES
4193173568,Developer Full Stack - JOBarcelona,VISEO IBERIA,"Barcelona, Cataluña, España·Publicado de nuevohace 3 semanas·Más de 100 solicitudesPromocionado por técnico de selección·Aún no hay información disponible sobre respuestas",HíbridoCoincide con tus preferencias de empleo. La modalidad laboral es Híbrido.,simple,https://www.linkedin.com/jobs/view/4193173568, NO
4211386533,Backend Developer,Eurofirms Group | People first,"Cassà de la Selva, Cataluña, España·hace 2 semanas·55 solicitudesPromocionado por técnico de selección·Evaluando solicitudes de forma activa",HíbridoCoincide con tus preferencias de empleo. La modalidad laboral es Híbrido.,simple,https://www.linkedin.com/jobs/view/4211386533, YES
4214283782,Software Engineering Spark /Scala,Ayesa,España·hace 2 semanas·32 solicitudesPromocionado por técnico de selección·Evaluando solicitudes de forma activa,En remotoCoincide con tus preferencias de empleo. La modalidad laboral es En remoto.,simple,https://www.linkedin.com/jobs/view/4214283782, YES
